{"ux1":-87.3670780978,"ux2":-87.3353469022,"uy1":43.015694162566,"uy2":43.028995837434,"dx1":57.5999999998579,"dx2":877.919999999858,"dy1":582.111999999953,"dy2":64.7999999999533,"time":"Mon Jan 28 10:16:09 2013 0.130211229203269"}
